Name,Website,Phone,Industry
Luxx Auto Spa Tampa,https://www.google.com/aclk?sa=l&ai=DChcSEwiGirrzttiNAxVprloFHYlsODYYABAAGgJ2dQ&co=1&gclid=EAIaIQobChMIhoq687bYjQMVaa5aBR2JbDg2EBAYASAAEgKAnvD_BwE&category=acrcp_v1_49&sig=AOD64_0A5y_DKssDAUQEj_Iwtdf_8lSAaQ&adurl&rct=j&q&ctype=99,(813) 480-0356,automotive services
Mobile Car Wash Tampa by Fredâ€™s Mobile Detailing,https://www.bestmobilecarwash.com/,(813) 635-6160,automotive services
Clean AF Mobile Car Detailing,https://cleanafmobiledetailing.com/,(813) 337-7642,automotive services
Imperium mobile detailing & Ceramic Coating,https://imperiumtampamobiledetailing.com/,(813) 562-7202,automotive services
Detail Pros Tampa,https://detailprostampainc.com/,(813) 295-9666,automotive services
Mobile Car Detailing Tampa,https://mobilecardetailingtampa.net/,(813) 219-8833,automotive services
Blue Diamond,No website,No phone,automotive services
Fred's Mobile Auto Detailing of Tampa,https://www.bestmobilecarwash.com/,No phone,automotive services
All Things Fresh Mobile Car Detailing,https://www.allthingsfreshcardetailing.com/,(813) 957-9601,automotive services
B2 Car Wash and Detailing,http://www.b2carwash.com/,(813) 334-3261,automotive services
